{"basic_sentiment": {"positive": 2, "negative": 4}, "articles_analyzed": 80, "average_sentiment": 0.054310643037518036, "impact_score": 6.200000000000003, "average_impact": 0.07750000000000004, "trend": "neutral", "volatility_impact": "low", "timestamp": "2025-06-21T22:06:40.390444"}