{
  "timestamp": "2025-06-22T21:16:40.028339",
  "autonomous_training": true,
  "performance": 0.6041823131618377,
  "model_scores": {
    "1m": {
      "lightgbm": 0.627552352285514,
      "xgboost": 0.6406656002596768,
      "neural_network": 0.00043815973913297057
    },
    "5m": {
      "lightgbm": 2.34295470121802,
      "xgboost": 2.388122237813266,
      "neural_network": 0.0017038984224200249
    },
    "15m": {
      "lightgbm": 2.13656027764976,
      "xgboost": 2.2359275494081614,
      "neural_network": 0.006324549671262503
    }
  },
  "ensemble_weights": {
    "1m": {
      "lightgbm": 0.0006972406128186384,
      "xgboost": 0.0006829693782621988,
      "neural_network": 0.9986197900089191
    },
    "5m": {
      "lightgbm": 0.0007261971782460508,
      "xgboost": 0.000712462312792167,
      "neural_network": 0.9985613405089617
    },
    "15m": {
      "lightgbm": 0.0029431180426623053,
      "xgboost": 0.002812322386765633,
      "neural_network": 0.994244559570572
    }
  }
}