{
  "lightgbm_1m": 0.003625102426901762,
  "xgboost_1m": 0.032289321720101787,
  "random_forest_1m": 0.005452034096002999,
  "catboost_1m": 0.02360398539450185,
  "svm_1m": 0.0035210727352365107,
  "neural_network_1m": 0.003553937875899729,
  "lstm_1m": 0.0036606560657712474,
  "transformer_1m": 0.008202531835136412,
  "lightgbm_2m": 0.0036744478980277684,
  "xgboost_2m": 0.02783584241805851,
  "random_forest_2m": 0.00719135896876107,
  "catboost_2m": 0.0337987713018711,
  "svm_2m": 0.0036591082670413264,
  "neural_network_2m": 0.003534447003648165,
  "lstm_2m": 0.00734035285210901,
  "transformer_2m": 0.002604090800032364,
  "lightgbm_3m": 0.0038083427217734133,
  "xgboost_3m": 0.02299005616671139,
  "random_forest_3m": 0.007616459185049207,
  "catboost_3m": 0.02866899434350813,
  "svm_3m": 0.0038246687306675922,
  "neural_network_3m": 0.003527479058897766,
  "lstm_3m": 0.008662842937132573,
  "transformer_3m": 0.002642560650645054,
  "lightgbm_5m": 0.005187827294486901,
  "xgboost_5m": 0.11583904410557197,
  "random_forest_5m": 0.006964937711668533,
  "catboost_5m": 0.01270408393980827,
  "svm_5m": 0.005372703986985989,
  "neural_network_5m": 0.003949582849157326,
  "lstm_5m": 0.005184162602858043,
  "transformer_5m": 0.005189989685345609,
  "lightgbm_7m": 0.003907832683586174,
  "xgboost_7m": 0.04616178841409568,
  "random_forest_7m": 0.0069230487874185715,
  "catboost_7m": 0.0780690311558965,
  "svm_7m": 0.00534414353399697,
  "neural_network_7m": 0.0038538462159724987,
  "lstm_7m": 0.00784481515940865,
  "transformer_7m": 0.0038905409659385826,
  "lightgbm_10m": 0.003907912882183581,
  "xgboost_10m": 0.05087946780799977,
  "random_forest_10m": 0.006905292303382017,
  "catboost_10m": 0.06646541224120894,
  "svm_10m": 0.005345336867611102,
  "neural_network_10m": 0.00385381360965604,
  "lstm_10m": 0.0039307321968936335,
  "transformer_10m": 0.005559095540838146,
  "lightgbm_15m": 0.003909139206847731,
  "xgboost_15m": 0.09453851848567359,
  "random_forest_15m": 0.005484025358355959,
  "catboost_15m": 0.05748357710041064,
  "svm_15m": 0.007138402706766029,
  "neural_network_15m": 0.0036867236280293775,
  "lstm_15m": 0.00383559692407508,
  "transformer_15m": 0.005203809458657938,
  "lightgbm_20m": 0.0037981620452098206,
  "xgboost_20m": 0.03862481908904944,
  "random_forest_20m": 0.005433042509117269,
  "catboost_20m": 0.035873668259221704,
  "svm_20m": 0.003716059771932826,
  "neural_network_20m": 0.0035954698057353873,
  "lstm_20m": 0.005436969375813273,
  "transformer_20m": 0.003719108279647711
}