{"lightgbm": 0.0006972406128186384, "xgboost": 0.0006829693782621988, "neural_network": 0.9986197900089191}