{"lightgbm": 0.0029431180426623053, "xgboost": 0.002812322386765633, "neural_network": 0.994244559570572}