{"lightgbm": 0.0007261971782460508, "xgboost": 0.000712462312792167, "neural_network": 0.9985613405089617}