{
  "lightgbm": {
    "open": 130.0,
    "volume": 21.0,
    "number_of_trades": 22.0,
    "rsi": 23.0,
    "rsi_5": 24.0,
    "rsi_14": 30.0,
    "macd": 35.0,
    "macd_histogram": 54.0,
    "bb_position": 40.0,
    "stoch_k": 34.0,
    "stoch_d": 48.0,
    "atr": 44.0,
    "volume_sma_20": 131.0,
    "volume_ratio": 25.0,
    "volatility_regime": 1.0,
    "volatility_regime_normalized": 130.0,
    "trend_direction": 5.0,
    "volume_regime": 0.0,
    "market_efficiency_ratio": 22.0,
    "volatility_ratio_5": 23.0,
    "volatility_ratio_10": 40.0,
    "volatility_ratio_20": 52.0,
    "volatility_ratio_50": 66.0,
    "adx": 78.0,
    "order_imbalance": 15.0,
    "avg_trade_size": 26.0,
    "price_impact": 10.0,
    "bollinger_std": 77.0,
    "elder_ray_bull": 32.0,
    "elder_ray_bear": 24.0,
    "hurst_exponent": 55.0,
    "fractals_up": 0.0,
    "fractals_down": 0.0,
    "volatility_ratio": 61.0,
    "vwap_deviation": 37.0,
    "market_impact": 81.0,
    "trade_flow_imbalance": 33.0,
    "quantum_momentum": 174.0,
    "quantum_entanglement": 60.0,
    "quantum_tunneling": 250.0,
    "ai_volatility_forecast": 123.0,
    "ai_trend_strength": 55.0,
    "ai_market_efficiency": 89.0,
    "fear_greed_index": 46.0,
    "sentiment_momentum": 21.0,
    "herd_behavior": 75.0,
    "elliott_wave": 157.0,
    "harmonic_pattern": 58.0,
    "order_flow_toxicity": 28.0,
    "market_impact_prediction": 23.0,
    "combined_regime": 16.0,
    "close": 167.0
  },
  "xgboost": {
    "open": 0.017479566857218742,
    "volume": 0.0,
    "number_of_trades": 0.024130694568157196,
    "rsi": 0.009393366985023022,
    "rsi_5": 0.01159612089395523,
    "rsi_14": 0.013709531165659428,
    "macd": 0.03332417830824852,
    "macd_histogram": 0.05467389151453972,
    "bb_position": 0.01219578180462122,
    "stoch_k": 0.041881874203681946,
    "stoch_d": 0.010856891050934792,
    "atr": 0.017252877354621887,
    "volume_sma_20": 0.020030992105603218,
    "volume_ratio": 0.03394780308008194,
    "volatility_regime": 0.0,
    "volatility_regime_normalized": 0.0328030101954937,
    "trend_direction": 0.0,
    "volume_regime": 0.02001236192882061,
    "market_efficiency_ratio": 0.0,
    "volatility_ratio_5": 0.0,
    "volatility_ratio_10": 0.033030275255441666,
    "volatility_ratio_20": 0.04623483121395111,
    "volatility_ratio_50": 0.016283024102449417,
    "adx": 0.05048760399222374,
    "order_imbalance": 0.0,
    "avg_trade_size": 0.017646171152591705,
    "price_impact": 0.0,
    "bollinger_std": 0.03388058766722679,
    "elder_ray_bull": 0.010155870579183102,
    "elder_ray_bear": 0.008893991820514202,
    "hurst_exponent": 0.019759362563490868,
    "fractals_up": 0.0,
    "fractals_down": 0.0,
    "volatility_ratio": 0.013775166124105453,
    "vwap_deviation": 0.010056400671601295,
    "market_impact": 0.014137322083115578,
    "trade_flow_imbalance": 0.015558579005300999,
    "quantum_momentum": 0.040674224495887756,
    "quantum_entanglement": 0.012162728235125542,
    "quantum_tunneling": 0.04112054407596588,
    "ai_volatility_forecast": 0.02442646399140358,
    "ai_trend_strength": 0.024969743564724922,
    "ai_market_efficiency": 0.018969004973769188,
    "fear_greed_index": 0.013212013989686966,
    "sentiment_momentum": 0.029045410454273224,
    "herd_behavior": 0.017056038603186607,
    "elliott_wave": 0.025446999818086624,
    "harmonic_pattern": 0.03806978464126587,
    "order_flow_toxicity": 0.01012722123414278,
    "market_impact_prediction": 0.016509322449564934,
    "combined_regime": 0.01563348062336445,
    "close": 0.02938873879611492
  }
}