{
  "lightgbm_1m": 25.023338294638098,
  "xgboost_1m": 20.770742820992922,
  "random_forest_1m": 33.07321917913875,
  "catboost_1m": 98.42564674763767,
  "svm_1m": 11.708321637651697,
  "neural_network_1m": 19.66562755971177,
  "lstm_1m": 0.0,
  "transformer_1m": 0.0,
  "lightgbm_2m": 22.97313541850616,
  "xgboost_2m": 17.071718852091525,
  "random_forest_2m": 21.633070938452647,
  "catboost_2m": 91.61977729734271,
  "svm_2m": 0.0,
  "neural_network_2m": 15.299239920973772,
  "lstm_2m": 0.0,
  "transformer_2m": 0.0,
  "lightgbm_3m": 29.86165184630596,
  "xgboost_3m": 24.59429727013277,
  "random_forest_3m": 38.693313691370385,
  "catboost_3m": 91.56719052436564,
  "svm_3m": 0.0,
  "neural_network_3m": 13.761981223756425,
  "lstm_3m": 0.0,
  "transformer_3m": 0.0,
  "lightgbm_5m": 26.37691958112963,
  "xgboost_5m": 23.573289390522014,
  "random_forest_5m": 22.76122844993349,
  "catboost_5m": 94.43205360358283,
  "svm_5m": 0.0,
  "neural_network_5m": 12.357843667674478,
  "lstm_5m": 0.0,
  "transformer_5m": 0.0,
  "lightgbm_7m": 31.616449569281514,
  "xgboost_7m": 27.3745567592929,
  "random_forest_7m": 48.10131046913071,
  "catboost_7m": 95.57445973509218,
  "svm_7m": 0.0,
  "neural_network_7m": 12.811135213879886,
  "lstm_7m": 0.0,
  "transformer_7m": 0.0,
  "lightgbm_10m": 31.616449569281514,
  "xgboost_10m": 27.3745567592929,
  "random_forest_10m": 48.10131046913071,
  "catboost_10m": 95.57445973509218,
  "svm_10m": 0.0,
  "neural_network_10m": 12.811135213879886,
  "lstm_10m": 0.0,
  "transformer_10m": 0.0,
  "lightgbm_15m": 30.34114816345983,
  "xgboost_15m": 12.1991788628944,
  "random_forest_15m": 62.63813614171641,
  "catboost_15m": 99.527191276855,
  "svm_15m": 5.447245046554411,
  "neural_network_15m": 12.35017274606025,
  "lstm_15m": 0.0,
  "transformer_15m": 0.0,
  "lightgbm_20m": 33.80379871855316,
  "xgboost_20m": 12.894836598479259,
  "random_forest_20m": 60.645351528960774,
  "catboost_20m": 97.81937686168068,
  "svm_20m": 2.8802380858925556,
  "neural_network_20m": 12.399467616245902,
  "lstm_20m": 0.0,
  "transformer_20m": 0.0
}