{"loss": [0.392561674118042, 0.29846426844596863, 0.2732235789299011, 0.256384938955307, 0.253173291683197, 0.24818193912506104, 0.2417457401752472, 0.24056659638881683, 0.23994417488574982, 0.24030545353889465, 0.23958627879619598, 0.23976027965545654, 0.2392134815454483, 0.2388416826725006, 0.23855435848236084, 0.2381102591753006, 0.23766663670539856], "mae": [0.6523202657699585, 0.5006327629089355, 0.44903239607810974, 0.41933968663215637, 0.40428316593170166, 0.3933226466178894, 0.3818597197532654, 0.378325492143631, 0.3771648108959198, 0.3761367201805115, 0.3733414113521576, 0.37429890036582947, 0.3728471100330353, 0.3716214895248413, 0.37073445320129395, 0.3700304925441742, 0.36937105655670166], "mse": [9.500788688659668, 9.31632137298584, 9.21538257598877, 9.023956298828125, 9.098186492919922, 9.09868335723877, 9.016281127929688, 9.04293155670166, 9.005475044250488, 9.038098335266113, 9.023781776428223, 9.038619995117188, 9.023404121398926, 9.02099895477295, 9.02761173248291, 9.027167320251465, 9.017024040222168], "val_loss": [0.006900993641465902, 0.006324549671262503, 0.006773995701223612, 0.0066851843148469925, 0.006396179087460041, 0.006382747553288937, 0.006353124510496855, 0.006345005705952644, 0.006381294224411249, 0.006576131097972393, 0.006568238139152527, 0.006406015250831842, 0.006411104463040829, 0.006424366496503353, 0.006424028892070055, 0.006512561812996864, 0.006431211717426777], "val_mae": [0.07475807517766953, 0.05801623314619064, 0.060367435216903687, 0.059183478355407715, 0.05735958740115166, 0.05758311226963997, 0.058439768850803375, 0.060730595141649246, 0.057980407029390335, 0.058209389448165894, 0.058154430240392685, 0.0576520599424839, 0.05763566493988037, 0.05762940272688866, 0.057619862258434296, 0.05781686678528786, 0.05763198807835579], "val_mse": [0.013959391042590141, 0.012871808372437954, 0.01380755566060543, 0.013625361025333405, 0.013026723638176918, 0.012996840290725231, 0.01292664185166359, 0.012894505634903908, 0.012988865375518799, 0.013402593322098255, 0.013385695405304432, 0.0130443274974823, 0.013055242598056793, 0.013082855381071568, 0.013082580640912056, 0.013269096612930298, 0.013097144663333893], "learning_rate": [0.0010000000474974513, 0.0010000000474974513, 0.0010000000474974513, 0.0010000000474974513, 0.0010000000474974513, 0.0010000000474974513, 0.0010000000474974513, 0.0010000000474974513, 0.0010000000474974513, 0.0010000000474974513, 0.0005000000237487257, 0.0005000000237487257, 0.0005000000237487257, 0.0005000000237487257, 0.0005000000237487257, 0.0005000000237487257, 0.0005000000237487257]}