{
  "timestamp": "2025-07-14T16:40:47.321911",
  "intelligence_metrics": {
    "performance_improvement_percent": 44.938592202315455,
    "concentration_ratio": 3.9534982269503955,
    "weight_variance": 0.0005364478000812399,
    "weight_range": 0.1132349533055396,
    "best_model_weight": 0.11583904410557197,
    "worst_model_weight": 0.002604090800032364,
    "weight_differentiation_factor": 44.4834888645712
  },
  "model_type_analysis": {
    "lightgbm": {
      "count": 8,
      "total_weight": 0.03181876715901716,
      "avg_score": 44.79237003265071,
      "scores": [
        41.80164410330802,
        42.595354815836764,
        44.60243390365582,
        46.95463780609011,
        45.97106252655227,
        45.97106252655227,
        45.98595181483004,
        44.45681276438033
      ],
      "avg_weight": 0.003977345894877145
    },
    "xgboost": {
      "count": 8,
      "total_weight": 0.4291588582072622,
      "avg_score": 95.21422375237057,
      "scores": [
        93.67318518993204,
        90.79663806588002,
        89.639500152572,
        99.04982375506472,
        97.7713956039307,
        97.7713956039307,
        98.92651044574073,
        94.08534120191366
      ],
      "avg_weight": 0.05364485727590777
    },
    "random": {
      "count": 8,
      "total_weight": 0.05197019891975562,
      "avg_score": 52.158931423168866,
      "scores": [
        49.901087146663485,
        54.09776989397515,
        56.77219514935738,
        52.29701628463374,
        52.122257324911914,
        52.122257324911914,
        50.19059867663396,
        49.768269584263365
      ],
      "avg_weight": 0.006496274864969453
    },
    "catboost": {
      "count": 8,
      "total_weight": 0.33666752373642717,
      "avg_score": 92.07068256786336,
      "scores": [
        89.87071930506633,
        93.76346043545047,
        90.85948117433097,
        73.61752365286083,
        98.28247250518848,
        98.28247250518848,
        97.9669082373436,
        93.92242272747767
      ],
      "avg_weight": 0.042083440467053396
    },
    "svm": {
      "count": 8,
      "total_weight": 0.037921496600238344,
      "avg_score": 46.04841200333472,
      "scores": [
        40.01729139402658,
        42.35201326989917,
        44.833799946983206,
        49.11691093320738,
        48.821557322947086,
        48.821557322947086,
        51.183177623674034,
        43.24098821299319
      ],
      "avg_weight": 0.004740187075029793
    },
    "neural": {
      "count": 8,
      "total_weight": 0.029555300046996292,
      "avg_score": 42.759536657188434,
      "scores": [
        40.59838779326772,
        40.25580288767977,
        40.131894854677554,
        46.51276769577899,
        45.24003729926645,
        45.24003729926645,
        42.78798287666276,
        41.309382550907806
      ],
      "avg_weight": 0.0036944125058745365
    },
    "lstm": {
      "count": 8,
      "total_weight": 0.045896128114061505,
      "avg_score": 50.612266082032576,
      "scores": [
        42.376681896706344,
        55.01115577210497,
        61.66690794634549,
        46.91267433756311,
        57.89501864237576,
        46.26943434517129,
        44.9870618929513,
        49.77919382304231
      ],
      "avg_weight": 0.005737016014257688
    },
    "transformer": {
      "count": 8,
      "total_weight": 0.03701172721624182,
      "avg_score": 45.49265574751662,
      "scores": [
        59.65243889097633,
        34.56585321220167,
        35.66799208416953,
        46.975898034918885,
        45.74016710938541,
        50.90949865438418,
        47.141994073168846,
        43.28740392092816
      ],
      "avg_weight": 0.004626465902030227
    }
  },
  "top_performers": [
    [
      "xgboost_5m",
      0.11583904410557197
    ],
    [
      "xgboost_15m",
      0.09453851848567359
    ],
    [
      "catboost_7m",
      0.0780690311558965
    ],
    [
      "catboost_10m",
      0.06646541224120894
    ],
    [
      "catboost_15m",
      0.05748357710041064
    ],
    [
      "xgboost_10m",
      0.05087946780799977
    ],
    [
      "xgboost_7m",
      0.04616178841409568
    ],
    [
      "xgboost_20m",
      0.03862481908904944
    ],
    [
      "catboost_20m",
      0.035873668259221704
    ],
    [
      "catboost_2m",
      0.0337987713018711
    ]
  ],
  "bottom_performers": [
    [
      "transformer_2m",
      0.002604090800032364
    ],
    [
      "transformer_3m",
      0.002642560650645054
    ],
    [
      "svm_1m",
      0.0035210727352365107
    ],
    [
      "neural_network_3m",
      0.003527479058897766
    ],
    [
      "neural_network_2m",
      0.003534447003648165
    ]
  ],
  "recommendations": [
    "Feature selection completed - reduced redundancy",
    "Neural network optimization plan created",
    "Enhanced weights integrated successfully",
    "Performance-based ensemble weighting active",
    "Ready for maximum profitability trading"
  ]
}